phenotype,C_total_L_per_cmH2O,R_equivalent_cmH2O_s_per_L,C_values_L_per_cmH2O,R_values_cmH2O_s_per_L
compliance_dominant,0.039999999999999994,8.000000000000002,0.00333;0.00467;0.00600;0.00733;0.00867;0.01000,48.00;48.00;48.00;48.00;48.00;48.00
resistance_dominant,0.04,8.05151369533878,0.00667;0.00667;0.00667;0.00667;0.00667;0.00667,24.00;38.40;52.80;67.20;81.60;96.00
mixed,0.042499999999999996,8.05151369533878,0.00333;0.00483;0.00633;0.00783;0.00933;0.01083,96.00;81.60;67.20;52.80;38.40;24.00
severe_mixed,0.050499999999999996,7.024390243902439,0.00250;0.00417;0.00633;0.00917;0.01250;0.01583,120.00;96.00;72.00;48.00;30.00;18.00
